country_grp2,ratingdate,n,medage,total,perc
China,1989-06-30T23:00:00Z,1,21.045859000684462,108,0.009259259259259259
China,1991-01-01T00:00:00Z,1,27.249828884325805,104,0.009615384615384616
China,1994-06-30T23:00:00Z,1,33.607118412046546,106,0.009433962264150943
China,1995-01-01T00:00:00Z,1,34.11362080766598,110,0.00909090909090909
China,1999-06-30T23:00:00Z,1,38.60643394934976,100,0.01
China,2000-01-01T00:00:00Z,3,26.73511293634497,100,0.03
China,2000-06-30T23:00:00Z,6,29.638603696098563,101,0.0594059405940594
China,2000-09-30T23:00:00Z,5,27.482546201232033,100,0.05
China,2001-01-01T00:00:00Z,4,33.01574264202601,100,0.04
China,2001-03-31T23:00:00Z,4,33.25941136208077,100,0.04
China,2001-06-30T23:00:00Z,4,33.50855578370979,101,0.039603960396039604
China,2001-09-30T23:00:00Z,4,33.76043805612594,103,0.038834951456310676
China,2002-01-01T00:00:00Z,4,34.01505817932923,103,0.038834951456310676
China,2002-03-31T23:00:00Z,5,28.980150581793293,101,0.04950495049504951
China,2002-06-30T23:00:00Z,5,29.229295003422312,102,0.049019607843137254
China,2002-09-30T23:00:00Z,3,40.03832991101985,100,0.03
China,2003-01-01T00:00:00Z,3,40.29295003422313,100,0.03
China,2003-03-31T23:00:00Z,3,40.53661875427789,102,0.029411764705882353
China,2003-06-30T23:00:00Z,3,40.785763175906915,100,0.03
China,2003-09-30T23:00:00Z,3,41.03764544832307,100,0.03
China,2004-01-01T00:00:00Z,3,41.29226557152635,100,0.03
China,2004-03-31T23:00:00Z,4,33.555099247091036,100,0.04
China,2004-06-30T23:00:00Z,3,41.78781656399726,100,0.03
China,2004-09-30T23:00:00Z,2,31.333333333333336,101,0.019801980198019802
China,2005-01-01T00:00:00Z,2,32.85420944558521,103,0.019417475728155338
China,2005-03-31T23:00:00Z,3,21.83709787816564,102,0.029411764705882353
China,2005-06-30T23:00:00Z,4,23.54551676933607,102,0.0392156862745098
China,2005-09-30T23:00:00Z,2,32.332648870636554,101,0.019801980198019802
China,2006-01-01T00:00:00Z,4,26.41889117043121,101,0.039603960396039604
China,2006-03-31T23:00:00Z,4,26.662559890485966,101,0.039603960396039604
China,2006-06-30T23:00:00Z,5,26.0041067761807,102,0.049019607843137254
China,2006-09-30T23:00:00Z,5,20.804928131416837,100,0.05
China,2007-01-01T00:00:00Z,5,23.592060232717316,100,0.05
China,2007-03-31T23:00:00Z,6,22.569472963723477,102,0.058823529411764705
China,2007-06-30T23:00:00Z,5,24.084873374401095,100,0.05
China,2007-09-30T23:00:00Z,6,23.07049965776865,100,0.06
China,2008-01-01T00:00:00Z,5,22.05886379192334,102,0.049019607843137254
China,2008-03-31T23:00:00Z,5,22.305270362765228,101,0.04950495049504951
China,2008-06-30T23:00:00Z,5,22.55441478439425,100,0.05
China,2008-09-30T23:00:00Z,5,22.806297056810404,101,0.04950495049504951
China,2009-01-01T00:00:00Z,5,23.06091718001369,100,0.05
China,2009-03-31T23:00:00Z,7,22.0041067761807,104,0.0673076923076923
China,2009-06-30T23:00:00Z,4,22.903490759753595,101,0.039603960396039604
China,2009-08-31T23:00:00Z,4,23.073237508555785,100,0.04
China,2009-11-01T00:00:00Z,5,22.5927446954141,102,0.049019607843137254
China,2010-01-01T00:00:00Z,4,23.40999315537303,103,0.038834951456310676
China,2010-03-01T00:00:00Z,5,22.921286789869953,100,0.05
China,2010-04-30T23:00:00Z,5,23.085557837097877,102,0.049019607843137254
China,2010-06-30T23:00:00Z,5,23.252566735112936,100,0.05
China,2010-08-31T23:00:00Z,4,23.04312114989733,100,0.04
China,2010-11-01T00:00:00Z,4,23.21286789869952,101,0.039603960396039604
China,2011-01-01T00:00:00Z,5,23.000684462696782,101,0.04950495049504951
China,2011-03-01T00:00:00Z,5,23.16221765913758,101,0.04950495049504951
China,2011-04-30T23:00:00Z,6,23.204654346338124,100,0.06
China,2011-06-30T23:00:00Z,7,22.491444216290212,101,0.06930693069306931
China,2011-08-31T23:00:00Z,6,23.541409993155373,100,0.06
China,2011-11-01T00:00:00Z,6,23.711156741957563,100,0.06
China,2012-01-01T00:00:00Z,5,22.99794661190965,101,0.04950495049504951
China,2012-10-01T00:00:00Z,6,24.628336755646817,101,0.0594059405940594
China,2013-04-01T00:00:00Z,6,23.953456536618752,103,0.05825242718446602
China,2013-10-01T00:00:00Z,7,24.747433264887064,100,0.07
China,2014-04-01T00:00:00Z,7,25.245722108145106,101,0.06930693069306931
China,2014-10-01T00:00:00Z,8,25.453798767967147,102,0.0784313725490196
China,2015-04-01T00:00:00Z,9,25.659137577002053,100,0.09
China,2015-10-01T00:00:00Z,9,26.16016427104723,101,0.0891089108910891
China,2016-04-01T00:00:00Z,9,26.661190965092402,104,0.08653846153846154
China,2016-10-01T00:00:00Z,8,27.455167693360714,102,0.0784313725490196
China,2017-04-01T00:00:00Z,8,27.953456536618752,101,0.07920792079207921
China,2017-10-01T00:00:00Z,9,28.161533196440793,100,0.09
China,2018-04-01T00:00:00Z,9,28.659822039698838,102,0.08823529411764706
China,2018-10-01T00:00:00Z,9,29.16084873374401,101,0.0891089108910891
China,2019-04-01T00:00:00Z,9,29.659137577002053,100,0.09
China,2019-10-01T00:00:00Z,9,30.16016427104723,100,0.09
China,2020-04-01T00:00:00Z,9,30.661190965092402,101,0.0891089108910891
China,2020-10-01T00:00:00Z,9,31.16221765913758,101,0.0891089108910891
China,2021-04-01T00:00:00Z,9,31.66050650239562,105,0.08571428571428572
China,2021-10-01T00:00:00Z,9,32.16153319644079,102,0.08823529411764706
India,1988-01-01T00:00:00Z,1,18.05886379192334,100,0.01
India,1988-06-30T23:00:00Z,1,18.55441478439425,105,0.009523809523809525
India,1989-06-30T23:00:00Z,1,19.55373032169747,108,0.009259259259259259
India,1990-01-01T00:00:00Z,1,20.060232717316907,101,0.009900990099009901
India,1990-06-30T23:00:00Z,1,20.553045859000683,111,0.009009009009009009
India,1991-01-01T00:00:00Z,1,21.059548254620122,104,0.009615384615384616
India,1991-06-30T23:00:00Z,2,23.1129363449692,105,0.01904761904761905
India,1992-01-01T00:00:00Z,2,23.619438740588638,103,0.019417475728155338
India,1992-06-30T23:00:00Z,1,22.55441478439425,105,0.009523809523809525
India,1993-01-01T00:00:00Z,1,23.06091718001369,105,0.009523809523809525
India,1993-06-30T23:00:00Z,1,23.55373032169747,107,0.009345794392523364
India,1994-01-01T00:00:00Z,1,24.060232717316907,100,0.01
India,1994-06-30T23:00:00Z,1,24.553045859000683,106,0.009433962264150943
India,1995-01-01T00:00:00Z,1,25.059548254620122,110,0.00909090909090909
India,1995-06-30T23:00:00Z,1,25.5523613963039,106,0.009433962264150943
India,1996-01-01T00:00:00Z,1,26.05886379192334,109,0.009174311926605505
India,1996-06-30T23:00:00Z,1,26.55441478439425,102,0.00980392156862745
India,1997-01-01T00:00:00Z,1,27.06091718001369,108,0.009259259259259259
India,1997-06-30T23:00:00Z,1,27.55373032169747,103,0.009708737864077669
India,1998-01-01T00:00:00Z,1,28.060232717316907,105,0.009523809523809525
India,1998-06-30T23:00:00Z,1,28.553045859000683,100,0.01
India,1999-01-01T00:00:00Z,1,29.059548254620122,102,0.00980392156862745
India,1999-06-30T23:00:00Z,1,29.5523613963039,100,0.01
India,2000-01-01T00:00:00Z,1,30.05886379192334,100,0.01
India,2000-06-30T23:00:00Z,1,30.55441478439425,101,0.009900990099009901
India,2000-09-30T23:00:00Z,1,30.806297056810404,100,0.01
India,2001-01-01T00:00:00Z,2,25.522245037645447,100,0.02
India,2001-03-31T23:00:00Z,2,25.765913757700204,100,0.02
India,2001-06-30T23:00:00Z,1,31.55373032169747,101,0.009900990099009901
India,2001-09-30T23:00:00Z,1,31.805612594113622,103,0.009708737864077669
India,2002-01-01T00:00:00Z,1,32.06023271731691,103,0.009708737864077669
India,2002-03-31T23:00:00Z,2,26.765229295003422,101,0.019801980198019802
India,2002-06-30T23:00:00Z,2,27.01437371663244,102,0.0196078431372549
India,2002-09-30T23:00:00Z,2,27.266255989048595,100,0.02
India,2003-01-01T00:00:00Z,2,27.520876112251884,100,0.02
India,2003-03-31T23:00:00Z,2,27.76454483230664,102,0.0196078431372549
India,2003-06-30T23:00:00Z,2,28.01368925393566,100,0.02
India,2003-09-30T23:00:00Z,2,28.265571526351813,100,0.02
India,2004-01-01T00:00:00Z,2,28.520191649555102,100,0.02
India,2004-03-31T23:00:00Z,2,28.766598220396986,100,0.02
India,2004-06-30T23:00:00Z,2,29.015742642026012,100,0.02
India,2004-09-30T23:00:00Z,2,29.26762491444216,101,0.019801980198019802
India,2005-01-01T00:00:00Z,3,23.983572895277206,103,0.02912621359223301
India,2005-03-31T23:00:00Z,3,24.227241615331966,102,0.029411764705882353
India,2005-06-30T23:00:00Z,3,24.476386036960985,102,0.029411764705882353
India,2005-09-30T23:00:00Z,3,24.72826830937714,101,0.0297029702970297
India,2006-01-01T00:00:00Z,3,24.982888432580424,101,0.0297029702970297
India,2006-03-31T23:00:00Z,3,25.22655715263518,101,0.0297029702970297
India,2006-06-30T23:00:00Z,3,25.475701574264203,102,0.029411764705882353
India,2006-09-30T23:00:00Z,3,25.727583846680357,100,0.03
India,2007-01-01T00:00:00Z,3,25.982203969883642,100,0.03
India,2007-03-31T23:00:00Z,3,26.2258726899384,102,0.029411764705882353
India,2007-06-30T23:00:00Z,3,26.47501711156742,100,0.03
India,2007-09-30T23:00:00Z,3,26.72689938398357,100,0.03
India,2008-01-01T00:00:00Z,3,26.981519507186857,102,0.029411764705882353
India,2008-03-31T23:00:00Z,3,27.227926078028748,101,0.0297029702970297
India,2008-06-30T23:00:00Z,3,27.477070499657767,100,0.03
India,2008-09-30T23:00:00Z,3,27.72895277207392,101,0.0297029702970297
India,2009-01-01T00:00:00Z,3,27.983572895277206,100,0.03
India,2009-03-31T23:00:00Z,3,28.227241615331966,104,0.028846153846153848
India,2009-06-30T23:00:00Z,3,28.476386036960985,101,0.0297029702970297
India,2009-08-31T23:00:00Z,3,28.646132785763175,100,0.03
India,2009-11-01T00:00:00Z,4,27.750855578370977,102,0.0392156862745098
India,2010-01-01T00:00:00Z,4,27.917864476386036,103,0.038834951456310676
India,2010-03-01T00:00:00Z,4,28.07939767282683,100,0.04
India,2010-04-30T23:00:00Z,4,28.243668720054757,102,0.0392156862745098
India,2010-06-30T23:00:00Z,4,28.410677618069816,100,0.04
India,2010-08-31T23:00:00Z,4,28.580424366872005,100,0.04
India,2010-11-01T00:00:00Z,3,29.815195071868583,101,0.0297029702970297
India,2011-01-01T00:00:00Z,4,28.917180013689254,101,0.039603960396039604
India,2011-03-01T00:00:00Z,3,30.143737166324435,101,0.0297029702970297
India,2011-04-30T23:00:00Z,4,29.011635865845314,100,0.04
India,2011-06-30T23:00:00Z,4,29.17864476386037,101,0.039603960396039604
India,2011-08-31T23:00:00Z,3,30.64476386036961,100,0.03
India,2011-11-01T00:00:00Z,3,30.8145106091718,100,0.03
India,2012-01-01T00:00:00Z,3,30.981519507186857,101,0.0297029702970297
India,2012-10-01T00:00:00Z,5,26.39835728952772,101,0.04950495049504951
India,2013-04-01T00:00:00Z,4,29.56331279945243,103,0.038834951456310676
India,2013-10-01T00:00:00Z,4,30.064339493497606,100,0.04
India,2014-04-01T00:00:00Z,3,33.229295003422315,101,0.0297029702970297
India,2014-10-01T00:00:00Z,4,31.063655030800824,102,0.0392156862745098
India,2015-04-01T00:00:00Z,4,31.561943874058866,100,0.04
India,2015-10-01T00:00:00Z,4,26.262833675564682,101,0.039603960396039604
India,2016-04-01T00:00:00Z,6,25.045859000684462,104,0.057692307692307696
India,2016-10-01T00:00:00Z,7,30.39835728952772,102,0.06862745098039216
India,2017-04-01T00:00:00Z,6,27.763175906913073,101,0.0594059405940594
India,2017-10-01T00:00:00Z,7,31.397672826830938,100,0.07
India,2018-04-01T00:00:00Z,6,28.762491444216288,102,0.058823529411764705
India,2018-10-01T00:00:00Z,6,29.263518138261464,101,0.0594059405940594
India,2019-04-01T00:00:00Z,6,34.496919917864474,100,0.06
India,2019-10-01T00:00:00Z,5,36.59958932238193,100,0.05
India,2020-04-01T00:00:00Z,4,30.763860369609855,101,0.039603960396039604
India,2020-10-01T00:00:00Z,4,31.26488706365503,101,0.039603960396039604
India,2021-04-01T00:00:00Z,5,34.89664613278576,105,0.047619047619047616
India,2021-10-01T00:00:00Z,6,28.034223134839152,102,0.058823529411764705
North America,1970-12-30T23:00:00Z,9,37.086926762491444,102,0.08823529411764706
North America,1971-06-30T23:00:00Z,11,37.58521560574949,104,0.10576923076923077
North America,1972-06-30T23:00:00Z,8,39.43052703627652,102,0.0784313725490196
North America,1973-06-30T23:00:00Z,9,39.58658453114305,104,0.08653846153846154
North America,1974-04-30T23:00:00Z,7,42.105407255304584,103,0.06796116504854369
North America,1975-01-01T00:00:00Z,7,42.77891854893908,102,0.06862745098039216
North America,1976-01-01T00:00:00Z,7,38.809034907597535,109,0.06422018348623854
North America,1977-01-01T00:00:00Z,6,36.23956194387406,102,0.058823529411764705
North America,1978-01-01T00:00:00Z,12,34.772073921971256,102,0.11764705882352941
North America,1978-06-30T23:00:00Z,12,35.26488706365503,103,0.11650485436893204
North America,1979-01-01T00:00:00Z,11,35.40041067761807,101,0.10891089108910891
North America,1979-06-30T23:00:00Z,11,35.893223819301845,102,0.10784313725490197
North America,1980-01-01T00:00:00Z,11,35.66050650239562,100,0.11
North America,1980-06-30T23:00:00Z,11,36.15605749486653,100,0.11
North America,1981-01-01T00:00:00Z,11,35.36755646817249,101,0.10891089108910891
North America,1981-06-30T23:00:00Z,13,35.860369609856264,104,0.125
North America,1982-01-01T00:00:00Z,12,35.67419575633128,103,0.11650485436893204
North America,1982-06-30T23:00:00Z,13,33.46748802190281,103,0.1262135922330097
North America,1983-01-01T00:00:00Z,14,32.41615331964408,100,0.14
North America,1983-06-30T23:00:00Z,17,31.351129363449694,102,0.16666666666666666
North America,1984-01-01T00:00:00Z,18,32.37371663244353,106,0.16981132075471697
North America,1984-06-30T23:00:00Z,16,32.86926762491444,104,0.15384615384615385
North America,1985-01-01T00:00:00Z,15,32.85968514715948,100,0.15
North America,1985-06-30T23:00:00Z,15,33.35249828884326,107,0.14018691588785046
North America,1986-01-01T00:00:00Z,14,32.50102669404518,103,0.13592233009708737
North America,1986-06-30T23:00:00Z,10,29.90554414784394,102,0.09803921568627451
North America,1987-01-01T00:00:00Z,12,31.329226557152637,101,0.1188118811881188
North America,1987-06-30T23:00:00Z,14,30.90485968514716,107,0.1308411214953271
North America,1988-01-01T00:00:00Z,17,31.515400410677618,100,0.17
North America,1988-06-30T23:00:00Z,13,32.01095140314853,105,0.12380952380952381
North America,1989-01-01T00:00:00Z,13,31.43874058863792,100,0.13
North America,1989-06-30T23:00:00Z,15,31.9315537303217,108,0.1388888888888889
North America,1990-01-01T00:00:00Z,14,34.10677618069815,101,0.13861386138613863
North America,1990-06-30T23:00:00Z,14,32.34496919917864,111,0.12612612612612611
North America,1991-01-01T00:00:00Z,14,33.08145106091718,104,0.1346153846153846
North America,1991-06-30T23:00:00Z,12,34.469541409993155,105,0.11428571428571428
North America,1992-01-01T00:00:00Z,11,33.724845995893226,103,0.10679611650485436
North America,1992-06-30T23:00:00Z,13,32.84873374401095,105,0.12380952380952381
North America,1993-01-01T00:00:00Z,10,33.3388090349076,105,0.09523809523809523
North America,1993-06-30T23:00:00Z,9,33.267624914442166,107,0.08411214953271028
North America,1994-01-01T00:00:00Z,10,31.79192334017796,100,0.1
North America,1994-06-30T23:00:00Z,10,34.492813141683776,106,0.09433962264150944
North America,1995-01-01T00:00:00Z,7,35.22518822724162,110,0.06363636363636363
North America,1995-06-30T23:00:00Z,6,36.824093086926766,106,0.05660377358490566
North America,1996-01-01T00:00:00Z,6,37.3305954825462,109,0.05504587155963303
North America,1996-06-30T23:00:00Z,6,36.49418206707735,102,0.058823529411764705
North America,1997-01-01T00:00:00Z,8,39.51813826146475,108,0.07407407407407407
North America,1997-06-30T23:00:00Z,5,37.267624914442166,103,0.04854368932038835
North America,1998-01-01T00:00:00Z,8,38,105,0.0761904761904762
North America,1998-06-30T23:00:00Z,8,38.492813141683776,100,0.08
North America,1999-01-01T00:00:00Z,8,38.99931553730322,102,0.0784313725490196
North America,1999-06-30T23:00:00Z,6,40.824093086926766,100,0.06
North America,2000-01-01T00:00:00Z,6,40.97467488021903,100,0.06
North America,2000-06-30T23:00:00Z,6,40.49418206707735,101,0.0594059405940594
North America,2000-09-30T23:00:00Z,5,40.5201916495551,100,0.05
North America,2001-01-01T00:00:00Z,5,40.77481177275838,100,0.05
North America,2001-03-31T23:00:00Z,4,41.24435318275154,100,0.04
North America,2001-06-30T23:00:00Z,4,41.493497604380565,101,0.039603960396039604
North America,2001-09-30T23:00:00Z,5,41.51950718685831,103,0.04854368932038835
North America,2002-01-01T00:00:00Z,5,36.84325804243669,103,0.04854368932038835
North America,2002-03-31T23:00:00Z,7,37.086926762491444,101,0.06930693069306931
North America,2002-06-30T23:00:00Z,8,37.81930184804928,102,0.0784313725490196
North America,2002-09-30T23:00:00Z,7,37.58795345653662,100,0.07
North America,2003-01-01T00:00:00Z,6,36.57494866529774,100,0.06
North America,2003-03-31T23:00:00Z,5,38.08624229979466,102,0.049019607843137254
North America,2003-06-30T23:00:00Z,5,38.33538672142368,100,0.05
North America,2003-09-30T23:00:00Z,5,38.587268993839835,100,0.05
North America,2004-01-01T00:00:00Z,6,37.57426420260096,100,0.06
North America,2004-03-31T23:00:00Z,6,37.82067077344284,100,0.06
North America,2004-06-30T23:00:00Z,6,41.80287474332649,100,0.06
North America,2004-09-30T23:00:00Z,6,34.96098562628337,101,0.0594059405940594
North America,2005-01-01T00:00:00Z,5,39.84394250513347,103,0.04854368932038835
North America,2005-03-31T23:00:00Z,4,30.203969883641342,102,0.0392156862745098
North America,2005-06-30T23:00:00Z,4,30.45311430527036,102,0.0392156862745098
North America,2005-09-30T23:00:00Z,4,30.704996577686515,101,0.039603960396039604
North America,2006-01-01T00:00:00Z,5,31.586584531143053,101,0.04950495049504951
North America,2006-03-31T23:00:00Z,5,31.83025325119781,101,0.04950495049504951
North America,2006-06-30T23:00:00Z,5,32.07939767282683,102,0.049019607843137254
North America,2006-09-30T23:00:00Z,4,31.704312114989733,100,0.04
North America,2007-01-01T00:00:00Z,5,32.58590006844627,100,0.05
North America,2007-03-31T23:00:00Z,5,32.82956878850103,102,0.049019607843137254
North America,2007-06-30T23:00:00Z,6,36.4394250513347,100,0.06
North America,2007-09-30T23:00:00Z,4,32.70362765229295,100,0.04
North America,2008-01-01T00:00:00Z,4,32.95824777549623,102,0.0392156862745098
North America,2008-03-31T23:00:00Z,5,33.831622176591374,101,0.04950495049504951
North America,2008-06-30T23:00:00Z,4,33.45379876796714,100,0.04
North America,2008-09-30T23:00:00Z,4,33.7056810403833,101,0.039603960396039604
North America,2009-01-01T00:00:00Z,4,33.507186858316224,100,0.04
North America,2009-03-31T23:00:00Z,4,34.20396988364134,104,0.038461538461538464
North America,2009-06-30T23:00:00Z,5,34.17385352498289,101,0.04950495049504951
North America,2009-08-31T23:00:00Z,4,34.62286105407255,100,0.04
North America,2009-11-01T00:00:00Z,4,34.79260780287474,102,0.0392156862745098
North America,2010-01-01T00:00:00Z,4,34.959616700889804,103,0.038834951456310676
North America,2010-03-01T00:00:00Z,4,35.121149897330596,100,0.04
North America,2010-04-30T23:00:00Z,4,35.285420944558524,102,0.0392156862745098
North America,2010-06-30T23:00:00Z,3,34.82546201232033,100,0.03
North America,2010-08-31T23:00:00Z,3,34.99520876112252,100,0.03
North America,2010-11-01T00:00:00Z,3,35.16495550992471,101,0.0297029702970297
North America,2011-01-01T00:00:00Z,3,35.331964407939765,101,0.0297029702970297
North America,2011-03-01T00:00:00Z,3,35.493497604380565,101,0.0297029702970297
North America,2011-04-30T23:00:00Z,3,35.657768651608485,100,0.03
North America,2011-06-30T23:00:00Z,3,35.82477754962355,101,0.0297029702970297
North America,2011-08-31T23:00:00Z,4,36.62149212867899,100,0.04
North America,2011-11-01T00:00:00Z,4,36.79123887748118,100,0.04
North America,2012-01-01T00:00:00Z,3,36.33127994524298,101,0.0297029702970297
North America,2012-10-01T00:00:00Z,4,30.947296372347708,101,0.039603960396039604
North America,2013-04-01T00:00:00Z,4,31.445585215605746,103,0.038834951456310676
North America,2013-10-01T00:00:00Z,4,31.946611909650926,100,0.04
North America,2014-04-01T00:00:00Z,3,38.57905544147844,101,0.0297029702970297
North America,2014-10-01T00:00:00Z,3,39.08008213552361,102,0.029411764705882353
North America,2015-04-01T00:00:00Z,6,25.7782340862423,100,0.06
North America,2015-10-01T00:00:00Z,7,27.811088295687885,101,0.06930693069306931
North America,2016-04-01T00:00:00Z,8,26.78028747433265,104,0.07692307692307693
North America,2016-10-01T00:00:00Z,7,25.749486652977414,102,0.06862745098039216
North America,2017-04-01T00:00:00Z,9,26.247775496235455,101,0.0891089108910891
North America,2017-10-01T00:00:00Z,8,28.28062970568104,100,0.08
North America,2018-04-01T00:00:00Z,9,26.247775496235455,102,0.08823529411764706
North America,2018-10-01T00:00:00Z,7,26.17385352498289,101,0.06930693069306931
North America,2019-04-01T00:00:00Z,9,26.245037645448324,100,0.09
North America,2019-10-01T00:00:00Z,9,27.173169062286107,100,0.09
North America,2020-04-01T00:00:00Z,10,27.460643394934976,101,0.09900990099009901
North America,2020-10-01T00:00:00Z,10,27.96167008898015,101,0.09900990099009901
North America,2021-04-01T00:00:00Z,10,28.459958932238195,105,0.09523809523809523
North America,2021-10-01T00:00:00Z,10,28.960985626283367,102,0.09803921568627451
Other,1970-12-30T23:00:00Z,8,36.84599589322382,102,0.0784313725490196
Other,1971-06-30T23:00:00Z,9,38.40109514031485,104,0.08653846153846154
Other,1972-06-30T23:00:00Z,7,37.28952772073922,102,0.06862745098039216
Other,1973-06-30T23:00:00Z,8,36.38329911019849,104,0.07692307692307693
Other,1974-04-30T23:00:00Z,9,39.121149897330596,103,0.08737864077669903
Other,1975-01-01T00:00:00Z,9,35.983572895277206,102,0.08823529411764706
Other,1976-01-01T00:00:00Z,11,36.982888432580424,109,0.10091743119266056
Other,1977-01-01T00:00:00Z,9,37.98494182067078,102,0.08823529411764706
Other,1978-01-01T00:00:00Z,6,34.51882272416154,102,0.058823529411764705
Other,1978-06-30T23:00:00Z,6,35.01163586584531,103,0.05825242718446602
Other,1979-01-01T00:00:00Z,7,31.01163586584531,101,0.06930693069306931
Other,1979-06-30T23:00:00Z,7,31.50444900752909,102,0.06862745098039216
Other,1980-01-01T00:00:00Z,8,34.14373716632444,100,0.08
Other,1980-06-30T23:00:00Z,8,34.639288158795345,100,0.08
Other,1981-01-01T00:00:00Z,8,31.086926762491444,101,0.07920792079207921
Other,1981-06-30T23:00:00Z,9,29.43463381245722,104,0.08653846153846154
Other,1982-01-01T00:00:00Z,10,30.050650239561946,103,0.0970873786407767
Other,1982-06-30T23:00:00Z,8,30.543463381245722,103,0.07766990291262135
Other,1983-01-01T00:00:00Z,7,35.011635865845314,100,0.07
Other,1983-06-30T23:00:00Z,8,33.578370978781656,102,0.0784313725490196
Other,1984-01-01T00:00:00Z,8,31.110198494182068,106,0.07547169811320754
Other,1984-06-30T23:00:00Z,10,28.261464750171115,104,0.09615384615384616
Other,1985-01-01T00:00:00Z,10,29.700205338809035,100,0.1
Other,1985-06-30T23:00:00Z,11,28.810403832991103,107,0.102803738317757
Other,1986-01-01T00:00:00Z,14,27.93702943189596,103,0.13592233009708737
Other,1986-06-30T23:00:00Z,12,29.082819986310746,102,0.11764705882352941
Other,1987-01-01T00:00:00Z,12,28.48596851471595,101,0.1188118811881188
Other,1987-06-30T23:00:00Z,13,27.956194387405887,107,0.12149532710280374
Other,1988-01-01T00:00:00Z,11,28.462696783025326,100,0.11
Other,1988-06-30T23:00:00Z,13,25.270362765229294,105,0.12380952380952381
Other,1989-01-01T00:00:00Z,8,27.620807665982205,100,0.08
Other,1989-06-30T23:00:00Z,5,29.95756331279945,108,0.046296296296296294
Other,1990-01-01T00:00:00Z,5,31.091033538672143,101,0.04950495049504951
Other,1990-06-30T23:00:00Z,8,31.270362765229294,111,0.07207207207207207
Other,1991-01-01T00:00:00Z,7,25.09240246406571,104,0.0673076923076923
Other,1991-06-30T23:00:00Z,8,28.30116358658453,105,0.0761904761904762
Other,1992-01-01T00:00:00Z,7,28.774811772758383,103,0.06796116504854369
Other,1992-06-30T23:00:00Z,9,32.01916495550992,105,0.08571428571428572
Other,1993-01-01T00:00:00Z,12,28.435318275154003,105,0.11428571428571428
Other,1993-06-30T23:00:00Z,16,28.39561943874059,107,0.14953271028037382
Other,1994-01-01T00:00:00Z,12,28.086242299794662,100,0.12
Other,1994-06-30T23:00:00Z,14,28.579055441478438,106,0.1320754716981132
Other,1995-01-01T00:00:00Z,15,29.09240246406571,110,0.13636363636363635
Other,1995-06-30T23:00:00Z,14,29.578370978781656,106,0.1320754716981132
Other,1996-01-01T00:00:00Z,13,28.84873374401095,109,0.11926605504587157
Other,1996-06-30T23:00:00Z,12,30.580424366872005,102,0.11764705882352941
Other,1997-01-01T00:00:00Z,14,31.44558521560575,108,0.12962962962962962
Other,1997-06-30T23:00:00Z,15,31.572895277207394,103,0.14563106796116504
Other,1998-01-01T00:00:00Z,13,30.850102669404517,105,0.12380952380952381
Other,1998-06-30T23:00:00Z,11,31.342915811088297,100,0.11
Other,1999-01-01T00:00:00Z,14,30.73511293634497,102,0.13725490196078433
Other,1999-06-30T23:00:00Z,11,33.57152635181382,100,0.11
Other,2000-01-01T00:00:00Z,14,32.39698836413415,100,0.14
Other,2000-06-30T23:00:00Z,10,32.22997946611909,101,0.09900990099009901
Other,2000-09-30T23:00:00Z,10,32.481861738535244,100,0.1
Other,2001-01-01T00:00:00Z,10,32.73648186173854,100,0.1
Other,2001-03-31T23:00:00Z,10,32.980150581793296,100,0.1
Other,2001-06-30T23:00:00Z,10,31.49075975359343,101,0.09900990099009901
Other,2001-09-30T23:00:00Z,11,30.21492128678987,103,0.10679611650485436
Other,2002-01-01T00:00:00Z,8,31.511293634496923,103,0.07766990291262135
Other,2002-03-31T23:00:00Z,10,28.392881587953454,101,0.09900990099009901
Other,2002-06-30T23:00:00Z,9,27.293634496919918,102,0.08823529411764706
Other,2002-09-30T23:00:00Z,10,26.288843258042437,100,0.1
Other,2003-01-01T00:00:00Z,10,29.017111567419576,100,0.1
Other,2003-03-31T23:00:00Z,10,29.260780287474333,102,0.09803921568627451
Other,2003-06-30T23:00:00Z,10,27.0362765229295,100,0.1
Other,2003-09-30T23:00:00Z,10,27.28815879534565,100,0.1
Other,2004-01-01T00:00:00Z,10,30.147843942505133,100,0.1
Other,2004-03-31T23:00:00Z,10,27.789185489390828,100,0.1
Other,2004-06-30T23:00:00Z,10,28.03832991101985,100,0.1
Other,2004-09-30T23:00:00Z,12,28.290212183436005,101,0.1188118811881188
Other,2005-01-01T00:00:00Z,13,27.288158795345655,103,0.1262135922330097
Other,2005-03-31T23:00:00Z,14,27.378507871321013,102,0.13725490196078433
Other,2005-06-30T23:00:00Z,15,27.78097193702943,102,0.14705882352941177
Other,2005-09-30T23:00:00Z,17,30.546201232032853,101,0.16831683168316833
Other,2006-01-01T00:00:00Z,15,30.80082135523614,101,0.1485148514851485
Other,2006-03-31T23:00:00Z,16,32.392881587953454,101,0.15841584158415842
Other,2006-06-30T23:00:00Z,15,34.96235455167693,102,0.14705882352941177
Other,2006-09-30T23:00:00Z,13,34.24229979466119,100,0.13
Other,2007-01-01T00:00:00Z,11,31.800136892539356,100,0.11
Other,2007-03-31T23:00:00Z,11,32.04380561259411,102,0.10784313725490197
Other,2007-06-30T23:00:00Z,13,29.779603011635867,100,0.13
Other,2007-09-30T23:00:00Z,12,29.87816563997262,100,0.12
Other,2008-01-01T00:00:00Z,13,30.286105407255306,102,0.12745098039215685
Other,2008-03-31T23:00:00Z,13,30.532511978097194,101,0.12871287128712872
Other,2008-06-30T23:00:00Z,13,30.47501711156742,100,0.13
Other,2008-09-30T23:00:00Z,15,30.72689938398357,101,0.1485148514851485
Other,2009-01-01T00:00:00Z,14,30.65434633812457,100,0.14
Other,2009-03-31T23:00:00Z,14,31.378507871321013,104,0.1346153846153846
Other,2009-06-30T23:00:00Z,13,31.78097193702943,101,0.12871287128712872
Other,2009-08-31T23:00:00Z,15,31.644079397672826,100,0.15
Other,2009-11-01T00:00:00Z,16,31.600273785078713,102,0.1568627450980392
Other,2010-01-01T00:00:00Z,15,31.55373032169747,103,0.14563106796116504
Other,2010-03-01T00:00:00Z,13,32.14236824093087,100,0.13
Other,2010-04-30T23:00:00Z,13,27.99726214921287,102,0.12745098039215685
Other,2010-06-30T23:00:00Z,13,28.164271047227928,100,0.13
Other,2010-08-31T23:00:00Z,12,30.64202600958248,100,0.12
Other,2010-11-01T00:00:00Z,14,28.351813826146476,101,0.13861386138613863
Other,2011-01-01T00:00:00Z,11,33.28678986995209,101,0.10891089108910891
Other,2011-03-01T00:00:00Z,13,28.83230663928816,101,0.12871287128712872
Other,2011-04-30T23:00:00Z,13,28.996577686516083,100,0.13
Other,2011-06-30T23:00:00Z,13,29.163586584531142,101,0.12871287128712872
Other,2011-08-31T23:00:00Z,13,29.333333333333332,100,0.13
Other,2011-11-01T00:00:00Z,12,29.351129363449694,100,0.12
Other,2012-01-01T00:00:00Z,12,29.51813826146475,101,0.1188118811881188
Other,2012-10-01T00:00:00Z,10,30.268309377138948,101,0.09900990099009901
Other,2013-04-01T00:00:00Z,11,30.91854893908282,103,0.10679611650485436
Other,2013-10-01T00:00:00Z,14,31.267624914442163,100,0.14
Other,2014-04-01T00:00:00Z,11,31.613963039014372,101,0.10891089108910891
Other,2014-10-01T00:00:00Z,12,31.57015742642026,102,0.11764705882352941
Other,2015-04-01T00:00:00Z,9,31.523613963039015,100,0.09
Other,2015-10-01T00:00:00Z,11,33.41820670773443,101,0.10891089108910891
Other,2016-04-01T00:00:00Z,12,33.76728268309377,104,0.11538461538461539
Other,2016-10-01T00:00:00Z,12,31.437371663244353,102,0.11764705882352941
Other,2017-04-01T00:00:00Z,13,30.34633812457221,101,0.12871287128712872
Other,2017-10-01T00:00:00Z,14,32.43668720054757,100,0.14
Other,2018-04-01T00:00:00Z,12,29.378507871321013,102,0.11764705882352941
Other,2018-10-01T00:00:00Z,12,29.879534565366185,101,0.1188118811881188
Other,2019-04-01T00:00:00Z,14,29.22108145106092,100,0.14
Other,2019-10-01T00:00:00Z,13,28.747433264887064,100,0.13
Other,2020-04-01T00:00:00Z,11,29.05407255304586,101,0.10891089108910891
Other,2020-10-01T00:00:00Z,12,30.809034907597535,101,0.1188118811881188
Other,2021-04-01T00:00:00Z,13,32.56125941136208,105,0.12380952380952381
Other,2021-10-01T00:00:00Z,12,31.90554414784394,102,0.11764705882352941
Other Europe,1970-12-30T23:00:00Z,25,35.82477754962355,102,0.24509803921568626
Other Europe,1971-06-30T23:00:00Z,27,36.323066392881586,104,0.25961538461538464
Other Europe,1972-06-30T23:00:00Z,31,32.07939767282683,102,0.30392156862745096
Other Europe,1973-06-30T23:00:00Z,25,37.10335386721424,104,0.2403846153846154
Other Europe,1974-04-30T23:00:00Z,32,33.73579739904176,103,0.3106796116504854
Other Europe,1975-01-01T00:00:00Z,29,32.09856262833676,102,0.28431372549019607
Other Europe,1976-01-01T00:00:00Z,30,32.86242299794661,109,0.27522935779816515
Other Europe,1977-01-01T00:00:00Z,29,32.7419575633128,102,0.28431372549019607
Other Europe,1978-01-01T00:00:00Z,32,34.19164955509925,102,0.3137254901960784
Other Europe,1978-06-30T23:00:00Z,32,34.68446269678302,103,0.3106796116504854
Other Europe,1979-01-01T00:00:00Z,29,34.97330595482546,101,0.2871287128712871
Other Europe,1979-06-30T23:00:00Z,29,35.46611909650924,102,0.28431372549019607
Other Europe,1980-01-01T00:00:00Z,32,34.53798767967146,100,0.32
Other Europe,1980-06-30T23:00:00Z,32,35.03353867214237,100,0.32
Other Europe,1981-01-01T00:00:00Z,30,35.76180698151951,101,0.297029702970297
Other Europe,1981-06-30T23:00:00Z,30,36.03285420944559,104,0.28846153846153844
Other Europe,1982-01-01T00:00:00Z,33,33.92470910335387,103,0.32038834951456313
Other Europe,1982-06-30T23:00:00Z,35,32.24914442162902,103,0.33980582524271846
Other Europe,1983-01-01T00:00:00Z,39,31.54277891854894,100,0.39
Other Europe,1983-06-30T23:00:00Z,35,33.24845995893224,102,0.3431372549019608
Other Europe,1984-01-01T00:00:00Z,37,32.51745379876797,106,0.3490566037735849
Other Europe,1984-06-30T23:00:00Z,37,30.822724161533195,104,0.3557692307692308
Other Europe,1985-01-01T00:00:00Z,36,31.12251882272416,100,0.36
Other Europe,1985-06-30T23:00:00Z,39,31.822039698836413,107,0.3644859813084112
Other Europe,1986-01-01T00:00:00Z,35,34.32443531827516,103,0.33980582524271846
Other Europe,1986-06-30T23:00:00Z,39,33.28952772073922,102,0.38235294117647056
Other Europe,1987-01-01T00:00:00Z,40,31.693360711841205,101,0.39603960396039606
Other Europe,1987-06-30T23:00:00Z,38,32.913073237508556,107,0.35514018691588783
Other Europe,1988-01-01T00:00:00Z,30,35.422313483915126,100,0.3
Other Europe,1988-06-30T23:00:00Z,31,33.1854893908282,105,0.29523809523809524
Other Europe,1989-01-01T00:00:00Z,32,31.88911704312115,100,0.32
Other Europe,1989-06-30T23:00:00Z,34,33.530458590006845,108,0.3148148148148148
Other Europe,1990-01-01T00:00:00Z,29,32.172484599589325,101,0.2871287128712871
Other Europe,1990-06-30T23:00:00Z,30,33.204654346338124,111,0.2702702702702703
Other Europe,1991-01-01T00:00:00Z,28,31.957563312799454,104,0.2692307692307692
Other Europe,1991-06-30T23:00:00Z,30,31.97125256673511,105,0.2857142857142857
Other Europe,1992-01-01T00:00:00Z,31,31.822039698836413,103,0.30097087378640774
Other Europe,1992-06-30T23:00:00Z,32,32.86242299794661,105,0.3047619047619048
Other Europe,1993-01-01T00:00:00Z,31,33.8590006844627,105,0.29523809523809524
Other Europe,1993-06-30T23:00:00Z,36,33.19370294318959,107,0.3364485981308411
Other Europe,1994-01-01T00:00:00Z,32,33.85352498288843,100,0.32
Other Europe,1994-06-30T23:00:00Z,31,34.31622176591376,106,0.29245283018867924
Other Europe,1995-01-01T00:00:00Z,33,34.65571526351814,110,0.3
Other Europe,1995-06-30T23:00:00Z,31,35.148528405201915,106,0.29245283018867924
Other Europe,1996-01-01T00:00:00Z,33,35.65503080082136,109,0.30275229357798167
Other Europe,1996-06-30T23:00:00Z,35,31.849418206707735,102,0.3431372549019608
Other Europe,1997-01-01T00:00:00Z,35,32.355920602327174,108,0.32407407407407407
Other Europe,1997-06-30T23:00:00Z,35,32.78302532511978,103,0.33980582524271846
Other Europe,1998-01-01T00:00:00Z,36,32.94729637234771,105,0.34285714285714286
Other Europe,1998-06-30T23:00:00Z,35,33.08145106091718,100,0.35
Other Europe,1999-01-01T00:00:00Z,32,30.85968514715948,102,0.3137254901960784
Other Europe,1999-06-30T23:00:00Z,34,32.9719370294319,100,0.34
Other Europe,2000-01-01T00:00:00Z,33,33.38261464750171,100,0.33
Other Europe,2000-06-30T23:00:00Z,32,31.852156057494867,101,0.31683168316831684
Other Europe,2000-09-30T23:00:00Z,31,32.53114305270363,100,0.31
Other Europe,2001-01-01T00:00:00Z,35,32.785763175906915,100,0.35
Other Europe,2001-03-31T23:00:00Z,35,32.17522245037645,100,0.35
Other Europe,2001-06-30T23:00:00Z,39,31.655030800821354,101,0.38613861386138615
Other Europe,2001-09-30T23:00:00Z,37,31.906913073237508,103,0.3592233009708738
Other Europe,2002-01-01T00:00:00Z,39,32.26283367556468,103,0.3786407766990291
Other Europe,2002-03-31T23:00:00Z,36,32.135523613963045,101,0.3564356435643564
Other Europe,2002-06-30T23:00:00Z,42,33.422313483915126,102,0.4117647058823529
Other Europe,2002-09-30T23:00:00Z,39,33.672826830937716,100,0.39
Other Europe,2003-01-01T00:00:00Z,34,33.121149897330596,100,0.34
Other Europe,2003-03-31T23:00:00Z,34,34.172484599589325,102,0.3333333333333333
Other Europe,2003-06-30T23:00:00Z,35,30.3709787816564,100,0.35
Other Europe,2003-09-30T23:00:00Z,34,30.412046543463383,100,0.34
Other Europe,2004-01-01T00:00:00Z,31,31.419575633127995,100,0.31
Other Europe,2004-03-31T23:00:00Z,30,30.913073237508556,100,0.3
Other Europe,2004-06-30T23:00:00Z,31,31.104722792607802,100,0.31
Other Europe,2004-09-30T23:00:00Z,31,31.471594798083505,101,0.3069306930693069
Other Europe,2005-01-01T00:00:00Z,34,31.668720054757017,103,0.3300970873786408
Other Europe,2005-03-31T23:00:00Z,33,31.854893908281998,102,0.3235294117647059
Other Europe,2005-06-30T23:00:00Z,32,31.871321013004792,102,0.3137254901960784
Other Europe,2005-09-30T23:00:00Z,32,32.41341546885695,101,0.31683168316831684
Other Europe,2006-01-01T00:00:00Z,29,32.610540725530456,101,0.2871287128712871
Other Europe,2006-03-31T23:00:00Z,27,32.388774811772755,101,0.26732673267326734
Other Europe,2006-06-30T23:00:00Z,25,29.93839835728953,102,0.24509803921568626
Other Europe,2006-09-30T23:00:00Z,26,30.177960301163587,100,0.26
Other Europe,2007-01-01T00:00:00Z,28,31.794661190965094,100,0.28
Other Europe,2007-03-31T23:00:00Z,27,31.121149897330596,102,0.2647058823529412
Other Europe,2007-06-30T23:00:00Z,26,30.92539356605065,100,0.26
Other Europe,2007-09-30T23:00:00Z,25,31.08829568788501,100,0.25
Other Europe,2008-01-01T00:00:00Z,23,31.444216290212182,102,0.22549019607843138
Other Europe,2008-03-31T23:00:00Z,22,31.906913073237508,101,0.21782178217821782
Other Europe,2008-06-30T23:00:00Z,26,32.15605749486653,100,0.26
Other Europe,2008-09-30T23:00:00Z,24,32.12867898699521,101,0.2376237623762376
Other Europe,2009-01-01T00:00:00Z,25,32.421629021218344,100,0.25
Other Europe,2009-03-31T23:00:00Z,24,30.396988364134153,104,0.23076923076923078
Other Europe,2009-06-30T23:00:00Z,24,31.746748802190282,101,0.2376237623762376
Other Europe,2009-08-31T23:00:00Z,24,33.04585900068446,100,0.24
Other Europe,2009-11-01T00:00:00Z,29,30.976043805612594,102,0.28431372549019607
Other Europe,2010-01-01T00:00:00Z,26,30.73100616016427,103,0.2524271844660194
Other Europe,2010-03-01T00:00:00Z,26,30.583162217659137,100,0.26
Other Europe,2010-04-30T23:00:00Z,24,31.05681040383299,102,0.23529411764705882
Other Europe,2010-06-30T23:00:00Z,27,30.811772758384667,100,0.27
Other Europe,2010-08-31T23:00:00Z,30,28.217659137577,100,0.3
Other Europe,2010-11-01T00:00:00Z,29,26.275154004106778,101,0.2871287128712871
Other Europe,2011-01-01T00:00:00Z,31,27.942505133470227,101,0.3069306930693069
Other Europe,2011-03-01T00:00:00Z,30,27.624914442162904,101,0.297029702970297
Other Europe,2011-04-30T23:00:00Z,27,27.310061601642712,100,0.27
Other Europe,2011-06-30T23:00:00Z,27,27.477070499657767,101,0.26732673267326734
Other Europe,2011-08-31T23:00:00Z,29,27.64681724845996,100,0.29
Other Europe,2011-11-01T00:00:00Z,30,27.43874058863792,100,0.3
Other Europe,2012-01-01T00:00:00Z,32,27.71252566735113,101,0.31683168316831684
Other Europe,2012-10-01T00:00:00Z,31,30.915811088295687,101,0.3069306930693069
Other Europe,2013-04-01T00:00:00Z,29,28.01368925393566,103,0.2815533980582524
Other Europe,2013-10-01T00:00:00Z,25,28.514715947980836,100,0.25
Other Europe,2014-04-01T00:00:00Z,30,29.464750171115675,101,0.297029702970297
Other Europe,2014-10-01T00:00:00Z,27,29.149897330595483,102,0.2647058823529412
Other Europe,2015-04-01T00:00:00Z,25,30.012320328542096,100,0.25
Other Europe,2015-10-01T00:00:00Z,26,30.358658453114305,101,0.25742574257425743
Other Europe,2016-04-01T00:00:00Z,25,29.248459958932237,104,0.2403846153846154
Other Europe,2016-10-01T00:00:00Z,21,32.733744010951405,102,0.20588235294117646
Other Europe,2017-04-01T00:00:00Z,21,32.01368925393566,101,0.2079207920792079
Other Europe,2017-10-01T00:00:00Z,23,30.748802190280628,100,0.23
Other Europe,2018-04-01T00:00:00Z,22,31.931553730321696,102,0.21568627450980393
Other Europe,2018-10-01T00:00:00Z,24,30.766598220396986,101,0.2376237623762376
Other Europe,2019-04-01T00:00:00Z,23,31.304585900068446,100,0.23
Other Europe,2019-10-01T00:00:00Z,23,31.805612594113622,100,0.23
Other Europe,2020-04-01T00:00:00Z,23,32.3066392881588,101,0.22772277227722773
Other Europe,2020-10-01T00:00:00Z,24,32.73100616016427,101,0.2376237623762376
Other Europe,2021-04-01T00:00:00Z,24,33.266255989048595,105,0.22857142857142856
Other Europe,2021-10-01T00:00:00Z,23,33.65366187542779,102,0.22549019607843138
Soviet Union/Ex-Soviet Union,1970-12-30T23:00:00Z,46,36.62970568104038,102,0.45098039215686275
Soviet Union/Ex-Soviet Union,1971-06-30T23:00:00Z,44,36.61875427789185,104,0.4230769230769231
Soviet Union/Ex-Soviet Union,1972-06-30T23:00:00Z,47,37.609856262833674,102,0.46078431372549017
Soviet Union/Ex-Soviet Union,1973-06-30T23:00:00Z,51,38.2258726899384,104,0.49038461538461536
Soviet Union/Ex-Soviet Union,1974-04-30T23:00:00Z,44,39.24982888432581,103,0.42718446601941745
Soviet Union/Ex-Soviet Union,1975-01-01T00:00:00Z,47,39.44421629021218,102,0.46078431372549017
Soviet Union/Ex-Soviet Union,1976-01-01T00:00:00Z,49,38.91854893908282,109,0.44954128440366975
Soviet Union/Ex-Soviet Union,1977-01-01T00:00:00Z,45,39.7782340862423,102,0.4411764705882353
Soviet Union/Ex-Soviet Union,1978-01-01T00:00:00Z,40,37.79876796714579,102,0.39215686274509803
Soviet Union/Ex-Soviet Union,1978-06-30T23:00:00Z,41,38.822724161533195,103,0.39805825242718446
Soviet Union/Ex-Soviet Union,1979-01-01T00:00:00Z,43,38.26694045174538,101,0.42574257425742573
Soviet Union/Ex-Soviet Union,1979-06-30T23:00:00Z,44,37.26488706365503,102,0.43137254901960786
Soviet Union/Ex-Soviet Union,1980-01-01T00:00:00Z,41,33.949349760438054,100,0.41
Soviet Union/Ex-Soviet Union,1980-06-30T23:00:00Z,41,34.444900752908964,100,0.41
Soviet Union/Ex-Soviet Union,1981-01-01T00:00:00Z,41,33.14715947980835,101,0.40594059405940597
Soviet Union/Ex-Soviet Union,1981-06-30T23:00:00Z,40,33.84120465434634,104,0.38461538461538464
Soviet Union/Ex-Soviet Union,1982-01-01T00:00:00Z,39,34.14647501711157,103,0.3786407766990291
Soviet Union/Ex-Soviet Union,1982-06-30T23:00:00Z,38,33.969883641341546,103,0.36893203883495146
Soviet Union/Ex-Soviet Union,1983-01-01T00:00:00Z,33,32.8870636550308,100,0.33
Soviet Union/Ex-Soviet Union,1983-06-30T23:00:00Z,31,33.379876796714576,102,0.30392156862745096
Soviet Union/Ex-Soviet Union,1984-01-01T00:00:00Z,29,32.61327857631759,106,0.27358490566037735
Soviet Union/Ex-Soviet Union,1984-06-30T23:00:00Z,31,32.47091033538672,104,0.2980769230769231
Soviet Union/Ex-Soviet Union,1985-01-01T00:00:00Z,29,31.044490075290895,100,0.29
Soviet Union/Ex-Soviet Union,1985-06-30T23:00:00Z,31,32.167008898015055,107,0.2897196261682243
Soviet Union/Ex-Soviet Union,1986-01-01T00:00:00Z,32,33.32511978097194,103,0.3106796116504854
Soviet Union/Ex-Soviet Union,1986-06-30T23:00:00Z,33,32.616016427104725,102,0.3235294117647059
Soviet Union/Ex-Soviet Union,1987-01-01T00:00:00Z,32,30.026009582477755,101,0.31683168316831684
Soviet Union/Ex-Soviet Union,1987-06-30T23:00:00Z,34,29.64681724845996,107,0.3177570093457944
Soviet Union/Ex-Soviet Union,1988-01-01T00:00:00Z,32,29.20328542094456,100,0.32
Soviet Union/Ex-Soviet Union,1988-06-30T23:00:00Z,39,29.357973990417523,105,0.37142857142857144
Soviet Union/Ex-Soviet Union,1989-01-01T00:00:00Z,38,29.861738535249827,100,0.38
Soviet Union/Ex-Soviet Union,1989-06-30T23:00:00Z,43,29.897330595482547,108,0.39814814814814814
Soviet Union/Ex-Soviet Union,1990-01-01T00:00:00Z,45,29.883641341546884,101,0.44554455445544555
Soviet Union/Ex-Soviet Union,1990-06-30T23:00:00Z,52,30.60643394934976,111,0.46846846846846846
Soviet Union/Ex-Soviet Union,1991-01-01T00:00:00Z,47,31.000684462696782,104,0.4519230769230769
Soviet Union/Ex-Soviet Union,1991-06-30T23:00:00Z,46,31.345653661875428,105,0.4380952380952381
Soviet Union/Ex-Soviet Union,1992-01-01T00:00:00Z,47,30.1492128678987,103,0.4563106796116505
Soviet Union/Ex-Soviet Union,1992-06-30T23:00:00Z,44,29.497604380561256,105,0.41904761904761906
Soviet Union/Ex-Soviet Union,1993-01-01T00:00:00Z,46,29.972621492128678,105,0.4380952380952381
Soviet Union/Ex-Soviet Union,1993-06-30T23:00:00Z,39,30.713210130047912,107,0.3644859813084112
Soviet Union/Ex-Soviet Union,1994-01-01T00:00:00Z,39,31.356605065023956,100,0.39
Soviet Union/Ex-Soviet Union,1994-06-30T23:00:00Z,44,31.248459958932237,106,0.41509433962264153
Soviet Union/Ex-Soviet Union,1995-01-01T00:00:00Z,46,30.86789869952088,110,0.41818181818181815
Soviet Union/Ex-Soviet Union,1995-06-30T23:00:00Z,47,32.09582477754962,106,0.44339622641509435
Soviet Union/Ex-Soviet Union,1996-01-01T00:00:00Z,50,31.37987679671458,109,0.45871559633027525
Soviet Union/Ex-Soviet Union,1996-06-30T23:00:00Z,43,31.644079397672826,102,0.4215686274509804
Soviet Union/Ex-Soviet Union,1997-01-01T00:00:00Z,44,31.99726214921287,108,0.4074074074074074
Soviet Union/Ex-Soviet Union,1997-06-30T23:00:00Z,42,32.49007529089664,103,0.4077669902912621
Soviet Union/Ex-Soviet Union,1998-01-01T00:00:00Z,43,31.953456536618756,105,0.4095238095238095
Soviet Union/Ex-Soviet Union,1998-06-30T23:00:00Z,42,31.156741957563312,100,0.42
Soviet Union/Ex-Soviet Union,1999-01-01T00:00:00Z,42,31.66324435318275,102,0.4117647058823529
Soviet Union/Ex-Soviet Union,1999-06-30T23:00:00Z,42,31.523613963039015,100,0.42
Soviet Union/Ex-Soviet Union,2000-01-01T00:00:00Z,39,31.11567419575633,100,0.39
Soviet Union/Ex-Soviet Union,2000-06-30T23:00:00Z,41,31.416837782340863,101,0.40594059405940597
Soviet Union/Ex-Soviet Union,2000-09-30T23:00:00Z,43,31.668720054757017,100,0.43
Soviet Union/Ex-Soviet Union,2001-01-01T00:00:00Z,40,29.06091718001369,100,0.4
Soviet Union/Ex-Soviet Union,2001-03-31T23:00:00Z,40,29.285420944558524,100,0.4
Soviet Union/Ex-Soviet Union,2001-06-30T23:00:00Z,39,29.52498288843258,101,0.38613861386138615
Soviet Union/Ex-Soviet Union,2001-09-30T23:00:00Z,41,29.360711841204655,103,0.39805825242718446
Soviet Union/Ex-Soviet Union,2002-01-01T00:00:00Z,41,28.646132785763175,103,0.39805825242718446
Soviet Union/Ex-Soviet Union,2002-03-31T23:00:00Z,37,29.859000684462696,101,0.36633663366336633
Soviet Union/Ex-Soviet Union,2002-06-30T23:00:00Z,34,29.800136892539356,102,0.3333333333333333
Soviet Union/Ex-Soviet Union,2002-09-30T23:00:00Z,36,29.567419575633128,100,0.36
Soviet Union/Ex-Soviet Union,2003-01-01T00:00:00Z,42,29.822039698836413,100,0.42
Soviet Union/Ex-Soviet Union,2003-03-31T23:00:00Z,45,28.966461327857633,102,0.4411764705882353
Soviet Union/Ex-Soviet Union,2003-06-30T23:00:00Z,42,29.303216974674882,100,0.42
Soviet Union/Ex-Soviet Union,2003-09-30T23:00:00Z,43,29.467488021902806,100,0.43
Soviet Union/Ex-Soviet Union,2004-01-01T00:00:00Z,44,28.869267624914443,100,0.44
Soviet Union/Ex-Soviet Union,2004-03-31T23:00:00Z,44,29.715263518138265,100,0.44
Soviet Union/Ex-Soviet Union,2004-06-30T23:00:00Z,44,28.803559206023273,100,0.44
Soviet Union/Ex-Soviet Union,2004-09-30T23:00:00Z,45,29.270362765229294,101,0.44554455445544555
Soviet Union/Ex-Soviet Union,2005-01-01T00:00:00Z,44,28.819986310746067,103,0.42718446601941745
Soviet Union/Ex-Soviet Union,2005-03-31T23:00:00Z,43,28.618754277891856,102,0.4215686274509804
Soviet Union/Ex-Soviet Union,2005-06-30T23:00:00Z,44,28.410677618069816,102,0.43137254901960786
Soviet Union/Ex-Soviet Union,2005-09-30T23:00:00Z,42,26.524298425735797,101,0.4158415841584158
Soviet Union/Ex-Soviet Union,2006-01-01T00:00:00Z,44,27.340177960301162,101,0.43564356435643564
Soviet Union/Ex-Soviet Union,2006-03-31T23:00:00Z,45,27.159479808350444,101,0.44554455445544555
Soviet Union/Ex-Soviet Union,2006-06-30T23:00:00Z,47,27.039014373716633,102,0.46078431372549017
Soviet Union/Ex-Soviet Union,2006-09-30T23:00:00Z,47,27.290896646132786,100,0.47
Soviet Union/Ex-Soviet Union,2007-01-01T00:00:00Z,46,26.882956878850102,100,0.46
Soviet Union/Ex-Soviet Union,2007-03-31T23:00:00Z,48,27.12662559890486,102,0.47058823529411764
Soviet Union/Ex-Soviet Union,2007-06-30T23:00:00Z,44,27.80287474332649,100,0.44
Soviet Union/Ex-Soviet Union,2007-09-30T23:00:00Z,47,28.290212183436,100,0.47
Soviet Union/Ex-Soviet Union,2008-01-01T00:00:00Z,50,28.309377138945926,102,0.49019607843137253
Soviet Union/Ex-Soviet Union,2008-03-31T23:00:00Z,48,28.555783709787818,101,0.4752475247524752
Soviet Union/Ex-Soviet Union,2008-06-30T23:00:00Z,46,28.804928131416837,100,0.46
Soviet Union/Ex-Soviet Union,2008-09-30T23:00:00Z,48,28.10814510609172,101,0.4752475247524752
Soviet Union/Ex-Soviet Union,2009-01-01T00:00:00Z,47,26.24229979466119,100,0.47
Soviet Union/Ex-Soviet Union,2009-03-31T23:00:00Z,49,26.154688569472963,104,0.47115384615384615
Soviet Union/Ex-Soviet Union,2009-06-30T23:00:00Z,49,26.143737166324435,101,0.48514851485148514
Soviet Union/Ex-Soviet Union,2009-08-31T23:00:00Z,47,26.313483915126625,100,0.47
Soviet Union/Ex-Soviet Union,2009-11-01T00:00:00Z,41,30.379192334017795,102,0.4019607843137255
Soviet Union/Ex-Soviet Union,2010-01-01T00:00:00Z,48,26.583162217659137,103,0.46601941747572817
Soviet Union/Ex-Soviet Union,2010-03-01T00:00:00Z,47,26.390143737166323,100,0.47
Soviet Union/Ex-Soviet Union,2010-04-30T23:00:00Z,50,26.698151950718685,102,0.49019607843137253
Soviet Union/Ex-Soviet Union,2010-06-30T23:00:00Z,48,26.865160848733744,100,0.48
Soviet Union/Ex-Soviet Union,2010-08-31T23:00:00Z,47,27.17864476386037,100,0.47
Soviet Union/Ex-Soviet Union,2010-11-01T00:00:00Z,48,27.204654346338124,101,0.4752475247524752
Soviet Union/Ex-Soviet Union,2011-01-01T00:00:00Z,47,27.227926078028748,101,0.46534653465346537
Soviet Union/Ex-Soviet Union,2011-03-01T00:00:00Z,47,27.38945927446954,101,0.46534653465346537
Soviet Union/Ex-Soviet Union,2011-04-30T23:00:00Z,47,27.55373032169747,100,0.47
Soviet Union/Ex-Soviet Union,2011-06-30T23:00:00Z,46,27.691991786447637,101,0.45544554455445546
Soviet Union/Ex-Soviet Union,2011-08-31T23:00:00Z,45,27.83299110198494,100,0.45
Soviet Union/Ex-Soviet Union,2011-11-01T00:00:00Z,45,28.347707049965777,100,0.45
Soviet Union/Ex-Soviet Union,2012-01-01T00:00:00Z,46,28.3709787816564,101,0.45544554455445546
Soviet Union/Ex-Soviet Union,2012-10-01T00:00:00Z,45,28.919917864476385,101,0.44554455445544555
Soviet Union/Ex-Soviet Union,2013-04-01T00:00:00Z,48,29.38261464750171,103,0.46601941747572817
Soviet Union/Ex-Soviet Union,2013-10-01T00:00:00Z,46,29.883641341546884,100,0.46
Soviet Union/Ex-Soviet Union,2014-04-01T00:00:00Z,45,28.971937029431896,101,0.44554455445544555
Soviet Union/Ex-Soviet Union,2014-10-01T00:00:00Z,47,29.75770020533881,102,0.46078431372549017
Soviet Union/Ex-Soviet Union,2015-04-01T00:00:00Z,47,29.971252566735114,100,0.47
Soviet Union/Ex-Soviet Union,2015-10-01T00:00:00Z,43,29.935660506502394,101,0.42574257425742573
Soviet Union/Ex-Soviet Union,2016-04-01T00:00:00Z,42,32.38329911019849,104,0.40384615384615385
Soviet Union/Ex-Soviet Union,2016-10-01T00:00:00Z,46,31.260780287474333,102,0.45098039215686275
Soviet Union/Ex-Soviet Union,2017-04-01T00:00:00Z,43,31.972621492128678,101,0.42574257425742573
Soviet Union/Ex-Soviet Union,2017-10-01T00:00:00Z,38,33.16084873374401,100,0.38
Soviet Union/Ex-Soviet Union,2018-04-01T00:00:00Z,42,32.49418206707735,102,0.4117647058823529
Soviet Union/Ex-Soviet Union,2018-10-01T00:00:00Z,41,32.3668720054757,101,0.40594059405940597
Soviet Union/Ex-Soviet Union,2019-04-01T00:00:00Z,38,33.002053388090346,100,0.38
Soviet Union/Ex-Soviet Union,2019-10-01T00:00:00Z,40,33.071868583162214,100,0.4
Soviet Union/Ex-Soviet Union,2020-04-01T00:00:00Z,44,33.106091718001366,101,0.43564356435643564
Soviet Union/Ex-Soviet Union,2020-10-01T00:00:00Z,41,32.435318275154,101,0.40594059405940597
Soviet Union/Ex-Soviet Union,2021-04-01T00:00:00Z,44,34.105407255304584,105,0.41904761904761906
Soviet Union/Ex-Soviet Union,2021-10-01T00:00:00Z,42,34.18754277891855,102,0.4117647058823529
Yugoslavia/Ex Yugoslavia,1970-12-30T23:00:00Z,14,34.47638603696099,102,0.13725490196078433
Yugoslavia/Ex Yugoslavia,1971-06-30T23:00:00Z,13,35.630390143737166,104,0.125
Yugoslavia/Ex Yugoslavia,1972-06-30T23:00:00Z,9,30.50239561943874,102,0.08823529411764706
Yugoslavia/Ex Yugoslavia,1973-06-30T23:00:00Z,11,35.45790554414784,104,0.10576923076923077
Yugoslavia/Ex Yugoslavia,1974-04-30T23:00:00Z,11,32.33401779603012,103,0.10679611650485436
Yugoslavia/Ex Yugoslavia,1975-01-01T00:00:00Z,10,34.98562628336756,102,0.09803921568627451
Yugoslavia/Ex Yugoslavia,1976-01-01T00:00:00Z,12,35.931553730321696,109,0.11009174311926606
Yugoslavia/Ex Yugoslavia,1977-01-01T00:00:00Z,13,34.77344284736482,102,0.12745098039215685
Yugoslavia/Ex Yugoslavia,1978-01-01T00:00:00Z,12,38.04517453798768,102,0.11764705882352941
Yugoslavia/Ex Yugoslavia,1978-06-30T23:00:00Z,12,38.53798767967146,103,0.11650485436893204
Yugoslavia/Ex Yugoslavia,1979-01-01T00:00:00Z,11,37.007529089664615,101,0.10891089108910891
Yugoslavia/Ex Yugoslavia,1979-06-30T23:00:00Z,11,37.50034223134839,102,0.10784313725490197
Yugoslavia/Ex Yugoslavia,1980-01-01T00:00:00Z,8,37.889117043121146,100,0.08
Yugoslavia/Ex Yugoslavia,1980-06-30T23:00:00Z,8,38.38466803559206,100,0.08
Yugoslavia/Ex Yugoslavia,1981-01-01T00:00:00Z,11,37.374401095140314,101,0.10891089108910891
Yugoslavia/Ex Yugoslavia,1981-06-30T23:00:00Z,12,37.76728268309377,104,0.11538461538461539
Yugoslavia/Ex Yugoslavia,1982-01-01T00:00:00Z,9,36.903490759753595,103,0.08737864077669903
Yugoslavia/Ex Yugoslavia,1982-06-30T23:00:00Z,9,32.851471594798085,103,0.08737864077669903
Yugoslavia/Ex Yugoslavia,1983-01-01T00:00:00Z,7,32.16427104722793,100,0.07
Yugoslavia/Ex Yugoslavia,1983-06-30T23:00:00Z,11,33.8507871321013,102,0.10784313725490197
Yugoslavia/Ex Yugoslavia,1984-01-01T00:00:00Z,14,33.76043805612594,106,0.1320754716981132
Yugoslavia/Ex Yugoslavia,1984-06-30T23:00:00Z,10,35.738535249828885,104,0.09615384615384616
Yugoslavia/Ex Yugoslavia,1985-01-01T00:00:00Z,10,36.24503764544832,100,0.1
Yugoslavia/Ex Yugoslavia,1985-06-30T23:00:00Z,11,40.39698836413415,107,0.102803738317757
Yugoslavia/Ex Yugoslavia,1986-01-01T00:00:00Z,8,38.03422313483915,103,0.07766990291262135
Yugoslavia/Ex Yugoslavia,1986-06-30T23:00:00Z,8,33.290896646132786,102,0.0784313725490196
Yugoslavia/Ex Yugoslavia,1987-01-01T00:00:00Z,5,35.60848733744011,101,0.04950495049504951
Yugoslavia/Ex Yugoslavia,1987-06-30T23:00:00Z,8,33.53456536618754,107,0.07476635514018691
Yugoslavia/Ex Yugoslavia,1988-01-01T00:00:00Z,9,28.878850102669404,100,0.09
Yugoslavia/Ex Yugoslavia,1988-06-30T23:00:00Z,8,33.516769336071185,105,0.0761904761904762
Yugoslavia/Ex Yugoslavia,1989-01-01T00:00:00Z,9,38.16563997262149,100,0.09
Yugoslavia/Ex Yugoslavia,1989-06-30T23:00:00Z,9,38.10266940451746,108,0.08333333333333333
Yugoslavia/Ex Yugoslavia,1990-01-01T00:00:00Z,7,38.60917180013689,101,0.06930693069306931
Yugoslavia/Ex Yugoslavia,1990-06-30T23:00:00Z,6,34.4517453798768,111,0.05405405405405406
Yugoslavia/Ex Yugoslavia,1991-01-01T00:00:00Z,6,29.926078028747433,104,0.057692307692307696
Yugoslavia/Ex Yugoslavia,1991-06-30T23:00:00Z,7,30.80082135523614,105,0.06666666666666667
Yugoslavia/Ex Yugoslavia,1992-01-01T00:00:00Z,5,31.307323750855577,103,0.04854368932038835
Yugoslavia/Ex Yugoslavia,1992-06-30T23:00:00Z,6,31.420944558521562,105,0.05714285714285714
Yugoslavia/Ex Yugoslavia,1993-01-01T00:00:00Z,5,31.23066392881588,105,0.047619047619047616
Yugoslavia/Ex Yugoslavia,1993-06-30T23:00:00Z,6,29.956194387405887,107,0.056074766355140186
Yugoslavia/Ex Yugoslavia,1994-01-01T00:00:00Z,6,30.305270362765228,100,0.06
Yugoslavia/Ex Yugoslavia,1994-06-30T23:00:00Z,5,32.72279260780287,106,0.04716981132075472
Yugoslavia/Ex Yugoslavia,1995-01-01T00:00:00Z,7,34.30800821355236,110,0.06363636363636363
Yugoslavia/Ex Yugoslavia,1995-06-30T23:00:00Z,7,34.80082135523614,106,0.0660377358490566
Yugoslavia/Ex Yugoslavia,1996-01-01T00:00:00Z,6,35.55099247091034,109,0.05504587155963303
Yugoslavia/Ex Yugoslavia,1996-06-30T23:00:00Z,5,35.80287474332649,102,0.049019607843137254
Yugoslavia/Ex Yugoslavia,1997-01-01T00:00:00Z,6,31.719370294318956,108,0.05555555555555555
Yugoslavia/Ex Yugoslavia,1997-06-30T23:00:00Z,5,33.31143052703628,103,0.04854368932038835
Yugoslavia/Ex Yugoslavia,1998-01-01T00:00:00Z,4,34.46406570841889,105,0.0380952380952381
Yugoslavia/Ex Yugoslavia,1998-06-30T23:00:00Z,3,37.80150581793292,100,0.03
Yugoslavia/Ex Yugoslavia,1999-01-01T00:00:00Z,5,30.55441478439425,102,0.049019607843137254
Yugoslavia/Ex Yugoslavia,1999-06-30T23:00:00Z,5,33.111567419575636,100,0.05
Yugoslavia/Ex Yugoslavia,2000-01-01T00:00:00Z,4,36.46269678302532,100,0.04
Yugoslavia/Ex Yugoslavia,2000-06-30T23:00:00Z,5,37.270362765229294,101,0.04950495049504951
Yugoslavia/Ex Yugoslavia,2000-09-30T23:00:00Z,5,37.52224503764545,100,0.05
Yugoslavia/Ex Yugoslavia,2001-01-01T00:00:00Z,4,36.432580424366876,100,0.04
Yugoslavia/Ex Yugoslavia,2001-03-31T23:00:00Z,5,32.799452429842574,100,0.05
Yugoslavia/Ex Yugoslavia,2001-06-30T23:00:00Z,4,36.92539356605065,101,0.039603960396039604
Yugoslavia/Ex Yugoslavia,2001-09-30T23:00:00Z,4,37.1772758384668,103,0.038834951456310676
Yugoslavia/Ex Yugoslavia,2002-01-01T00:00:00Z,5,35.619438740588635,103,0.04854368932038835
Yugoslavia/Ex Yugoslavia,2002-03-31T23:00:00Z,4,37.67556468172485,101,0.039603960396039604
Yugoslavia/Ex Yugoslavia,2002-06-30T23:00:00Z,2,40.97467488021903,102,0.0196078431372549
Yugoslavia/Ex Yugoslavia,2002-09-30T23:00:00Z,3,42.053388090349074,100,0.03
Yugoslavia/Ex Yugoslavia,2003-01-01T00:00:00Z,3,42.30800821355236,100,0.03
Yugoslavia/Ex Yugoslavia,2003-03-31T23:00:00Z,3,42.55167693360712,102,0.029411764705882353
Yugoslavia/Ex Yugoslavia,2003-06-30T23:00:00Z,3,42.80082135523614,100,0.03
Yugoslavia/Ex Yugoslavia,2003-09-30T23:00:00Z,3,43.05270362765229,100,0.03
Yugoslavia/Ex Yugoslavia,2004-01-01T00:00:00Z,4,40.69952087611225,100,0.04
Yugoslavia/Ex Yugoslavia,2004-03-31T23:00:00Z,4,40.945927446954144,100,0.04
Yugoslavia/Ex Yugoslavia,2004-06-30T23:00:00Z,4,41.19507186858316,100,0.04
Yugoslavia/Ex Yugoslavia,2004-09-30T23:00:00Z,3,44.054757015742645,101,0.0297029702970297
Yugoslavia/Ex Yugoslavia,2005-01-01T00:00:00Z,2,47.67556468172485,103,0.019417475728155338
Yugoslavia/Ex Yugoslavia,2005-03-31T23:00:00Z,2,47.91923340177961,102,0.0196078431372549
Yugoslavia/Ex Yugoslavia,2005-09-30T23:00:00Z,1,51.7864476386037,101,0.009900990099009901
Yugoslavia/Ex Yugoslavia,2006-01-01T00:00:00Z,1,52.04106776180698,101,0.009900990099009901
Yugoslavia/Ex Yugoslavia,2006-03-31T23:00:00Z,1,52.284736481861735,101,0.009900990099009901
Yugoslavia/Ex Yugoslavia,2006-06-30T23:00:00Z,2,49.16769336071184,102,0.0196078431372549
Yugoslavia/Ex Yugoslavia,2006-09-30T23:00:00Z,2,49.41957563312799,100,0.02
Yugoslavia/Ex Yugoslavia,2007-01-01T00:00:00Z,2,49.67419575633128,100,0.02
Yugoslavia/Ex Yugoslavia,2007-03-31T23:00:00Z,2,49.917864476386036,102,0.0196078431372549
Yugoslavia/Ex Yugoslavia,2007-06-30T23:00:00Z,3,46.80082135523614,100,0.03
Yugoslavia/Ex Yugoslavia,2007-09-30T23:00:00Z,3,47.05270362765229,100,0.03
Yugoslavia/Ex Yugoslavia,2008-01-01T00:00:00Z,4,38.70636550308008,102,0.0392156862745098
Yugoslavia/Ex Yugoslavia,2008-03-31T23:00:00Z,5,30.351813826146476,101,0.04950495049504951
Yugoslavia/Ex Yugoslavia,2008-06-30T23:00:00Z,3,30.600958247775495,100,0.03
Yugoslavia/Ex Yugoslavia,2008-09-30T23:00:00Z,2,39.45379876796714,101,0.019801980198019802
Yugoslavia/Ex Yugoslavia,2009-01-01T00:00:00Z,2,38.392881587953454,100,0.02
Yugoslavia/Ex Yugoslavia,2009-03-31T23:00:00Z,3,40.799452429842574,104,0.028846153846153848
Yugoslavia/Ex Yugoslavia,2009-06-30T23:00:00Z,3,41.048596851471594,101,0.0297029702970297
Yugoslavia/Ex Yugoslavia,2009-08-31T23:00:00Z,3,41.21834360027378,100,0.03
Yugoslavia/Ex Yugoslavia,2009-11-01T00:00:00Z,3,41.38809034907597,102,0.029411764705882353
Yugoslavia/Ex Yugoslavia,2010-01-01T00:00:00Z,2,48.79808350444901,103,0.019417475728155338
Yugoslavia/Ex Yugoslavia,2010-03-01T00:00:00Z,1,56.20260095824778,100,0.01
Yugoslavia/Ex Yugoslavia,2010-04-30T23:00:00Z,2,49.123887748117724,102,0.0196078431372549
Yugoslavia/Ex Yugoslavia,2011-06-30T23:00:00Z,1,27.731690622861056,101,0.009900990099009901
Yugoslavia/Ex Yugoslavia,2013-04-01T00:00:00Z,1,35.35386721423682,103,0.009708737864077669
Yugoslavia/Ex Yugoslavia,2014-04-01T00:00:00Z,2,24.75564681724846,101,0.019801980198019802
Yugoslavia/Ex Yugoslavia,2014-10-01T00:00:00Z,1,24.125941136208077,102,0.00980392156862745
Yugoslavia/Ex Yugoslavia,2015-10-01T00:00:00Z,1,25.125256673511295,101,0.009900990099009901
Yugoslavia/Ex Yugoslavia,2016-04-01T00:00:00Z,2,27.308692676249144,104,0.019230769230769232
Yugoslavia/Ex Yugoslavia,2016-10-01T00:00:00Z,1,26.127310061601644,102,0.00980392156862745
Yugoslavia/Ex Yugoslavia,2017-04-01T00:00:00Z,1,33.48665297741273,101,0.009900990099009901
Yugoslavia/Ex Yugoslavia,2017-10-01T00:00:00Z,1,27.12662559890486,100,0.01
Yugoslavia/Ex Yugoslavia,2018-04-01T00:00:00Z,2,28.75564681724846,102,0.0196078431372549
Yugoslavia/Ex Yugoslavia,2018-10-01T00:00:00Z,2,29.256673511293634,101,0.019801980198019802
Yugoslavia/Ex Yugoslavia,2019-04-01T00:00:00Z,1,28.62422997946612,100,0.01
Yugoslavia/Ex Yugoslavia,2019-10-01T00:00:00Z,1,29.125256673511295,100,0.01
Yugoslavia/Ex Yugoslavia,2020-10-01T00:00:00Z,1,30.127310061601644,101,0.009900990099009901
